{"meta":{"version":1,"warehouse":"4.0.0"},"models":{"Asset":[{"_id":"themes/next/source/css/main.styl","path":"css/main.styl","modified":0,"renderable":1},{"_id":"themes/next/source/images/apple-touch-icon-next.png","path":"images/apple-touch-icon-next.png","modified":0,"renderable":1},{"_id":"themes/next/source/images/avatar.gif","path":"images/avatar.gif","modified":0,"renderable":1},{"_id":"themes/next/source/images/cc-by-nc-nd.svg","path":"images/cc-by-nc-nd.svg","modified":0,"renderable":1},{"_id":"themes/next/source/images/cc-by-nc-sa.svg","path":"images/cc-by-nc-sa.svg","modified":0,"renderable":1},{"_id":"themes/next/source/images/cc-by-nc.svg","path":"images/cc-by-nc.svg","modified":0,"renderable":1},{"_id":"themes/next/source/images/cc-by-nd.svg","path":"images/cc-by-nd.svg","modified":0,"renderable":1},{"_id":"themes/next/source/images/cc-by-sa.svg","path":"images/cc-by-sa.svg","modified":0,"renderable":1},{"_id":"themes/next/source/images/cc-by.svg","path":"images/cc-by.svg","modified":0,"renderable":1},{"_id":"themes/next/source/images/cc-zero.svg","path":"images/cc-zero.svg","modified":0,"renderable":1},{"_id":"themes/next/source/images/favicon-16x16-next.png","path":"images/favicon-16x16-next.png","modified":0,"renderable":1},{"_id":"themes/next/source/images/favicon-32x32-next.png","path":"images/favicon-32x32-next.png","modified":0,"renderable":1},{"_id":"themes/next/source/images/logo.svg","path":"images/logo.svg","modified":0,"renderable":1},{"_id":"themes/next/source/images/logo-algolia-nebula-blue-full.svg","path":"images/logo-algolia-nebula-blue-full.svg","modified":0,"renderable":1},{"_id":"themes/next/source/js/algolia-search.js","path":"js/algolia-search.js","modified":0,"renderable":1},{"_id":"themes/next/source/js/bookmark.js","path":"js/bookmark.js","modified":0,"renderable":1},{"_id":"themes/next/source/js/local-search.js","path":"js/local-search.js","modified":0,"renderable":1},{"_id":"themes/next/source/js/next-boot.js","path":"js/next-boot.js","modified":0,"renderable":1},{"_id":"themes/next/source/js/motion.js","path":"js/motion.js","modified":0,"renderable":1},{"_id":"themes/next/source/js/schedule.js","path":"js/schedule.js","modified":0,"renderable":1},{"_id":"themes/next/source/js/utils.js","path":"js/utils.js","modified":0,"renderable":1},{"_id":"themes/next/source/js/schemes/muse.js","path":"js/schemes/muse.js","modified":0,"renderable":1}],"Cache":[{"_id":"source/_posts/hello-world.md","hash":"acad91ace80b80295b11a9b7ad4c29a2dcfdd8fb","modified":1600234194855},{"_id":"themes/next/.editorconfig","hash":"731c650ddad6eb0fc7c3d4a91cad1698fe7ad311","modified":1600234243871},{"_id":"themes/next/.eslintrc.json","hash":"611e15c3fcb41dc68fa8532ee595a1262a1b5a8a","modified":1600234243872},{"_id":"themes/next/.gitattributes","hash":"aeeca2f1e987d83232d7870d1435a4e3ed66b648","modified":1600234243873},{"_id":"themes/next/.gitignore","hash":"03012748b175434345643bfe11515b4ad22a5be8","modified":1600234243884},{"_id":"themes/next/.stylintrc","hash":"6259e2a0b65d46865ab89564b88fc67638668295","modified":1600234243885},{"_id":"themes/next/.npmignore","hash":"e726ec1241bfaed670bc6059172e048a53ad970d","modified":1600234243885},{"_id":"themes/next/README.md","hash":"88fb6fa93cf47eb787592677f8a93b5119d96a92","modified":1600234243886},{"_id":"themes/next/LICENSE.md","hash":"2f8a566ace11a7042e18555041625017242d969e","modified":1600234243886},{"_id":"themes/next/_config.yml","hash":"1f0a282c63b2baedb7c71d3a66d6b5005d64e60f","modified":1600239564471},{"_id":"themes/next/_vendors.yml","hash":"a5362d370443e9a450306172fa8431849dd8c87c","modified":1600234243887},{"_id":"themes/next/crowdin.yml","hash":"4a53f5985e545c635cb56b2a57ed290cb8cf8942","modified":1600234243888},{"_id":"themes/next/package.json","hash":"50d49c0d78945641ae964fd84c9bc926ac1d9eae","modified":1600234243948},{"_id":"themes/next/renovate.json","hash":"767b077c7b615e20af3cf865813cd64674a9bea6","modified":1600234243949},{"_id":"themes/next/.github/CONTRIBUTING.md","hash":"c9d0cd34590e07b42e2e44728e448205e15b2906","modified":1600234243874},{"_id":"themes/next/.github/CODE_OF_CONDUCT.md","hash":"21a29e519823840b7fe254f19e42ac265d15e3ae","modified":1600234243874},{"_id":"themes/next/.github/PULL_REQUEST_TEMPLATE.md","hash":"a103e2d875f7434191859e5b42075cfa9a4cbcb3","modified":1600234243877},{"_id":"themes/next/.github/config.yml","hash":"0956bf71b6f36632b63b14d26580458041a5abd2","modified":1600234243878},{"_id":"themes/next/.github/issue_label_bot.yaml","hash":"533fbe6b2f87d7e7ec6949063bb7ea7eb4fbe52d","modified":1600234243878},{"_id":"themes/next/.github/label-commenter-config.yml","hash":"a1aa85a2fc66ff0c52c65bd97b0fa282e297a73f","modified":1600234243879},{"_id":"themes/next/.github/labeler.yml","hash":"a87dc50a47b2276be356235ca09d4594d7734f8c","modified":1600234243879},{"_id":"themes/next/.github/release-drafter.yml","hash":"6737b76b184d8e73dcd96972e47edbfcbedbfaa4","modified":1600234243880},{"_id":"themes/next/.github/stale.yml","hash":"51a5f14367d141914113b43d07571ffb623815d7","modified":1600234243880},{"_id":"themes/next/languages/README.md","hash":"b1c96465b3bc139bf5ba6200974b66581d8ff85a","modified":1600234243893},{"_id":"themes/next/languages/ar.yml","hash":"143234db25fd275133c9c2ab748b631961d12c31","modified":1600234243893},{"_id":"themes/next/languages/de.yml","hash":"02455e63ed994599c94907e2e2dd40cd4615a079","modified":1600234243893},{"_id":"themes/next/languages/default.yml","hash":"ea5e6aee4cb14510793ac4593a3bddffe23e530c","modified":1600234243894},{"_id":"themes/next/languages/en.yml","hash":"7ad763a7ac5f05d10c45acca17ef33087495662f","modified":1600234243894},{"_id":"themes/next/languages/fa.yml","hash":"557b8a7a408bf34f17b598e426c7c2050e39e571","modified":1600234243895},{"_id":"themes/next/languages/es.yml","hash":"d984dd6d65d4b1f95d20f0868639aacd7a35dc48","modified":1600234243895},{"_id":"themes/next/languages/fr.yml","hash":"fcf826ff8ef8c4805ec56393499773bf3919235b","modified":1600234243896},{"_id":"themes/next/languages/id.yml","hash":"b22376ccce825fe4bcd935be4e19400fe51505ad","modified":1600234243896},{"_id":"themes/next/languages/it.yml","hash":"4b14448a4779d3826f785d1559b27fc328001dac","modified":1600234243897},{"_id":"themes/next/languages/ja.yml","hash":"7a2dfeb060a87a214e9e4da3ea9e0b1c96578bd4","modified":1600234243898},{"_id":"themes/next/languages/ko.yml","hash":"8707cc844a24b3aef9ae4c7b06b3f508d32442ff","modified":1600234243898},{"_id":"themes/next/languages/nl.yml","hash":"4646c4d7ffa1619a128b1a682aacd659da6dbe7e","modified":1600234243898},{"_id":"themes/next/languages/pt-BR.yml","hash":"1d724d9d8b86fe9aaa2757473ae4de12735248ee","modified":1600234243899},{"_id":"themes/next/languages/pt.yml","hash":"d48ddb7c206d8f6e43631cb358a16dcaf5a6b5fe","modified":1600234243899},{"_id":"themes/next/languages/ru.yml","hash":"7b72d3c5b09d50b1f57db6c763130cecf429d18a","modified":1600234243900},{"_id":"themes/next/languages/tr.yml","hash":"a1849c9de54ed28c0bb2bd3bf26049009fbb997f","modified":1600234243900},{"_id":"themes/next/languages/uk.yml","hash":"10a2166165beb7364310a917d14ecb27c48d7598","modified":1600234243901},{"_id":"themes/next/languages/vi.yml","hash":"b0c0b28dc988e15b0e11db3dd1707747695dec2c","modified":1600234243901},{"_id":"themes/next/languages/zh-CN.yml","hash":"5d773b4b85a299ceef08891a71d47a8255d81cf2","modified":1600234243902},{"_id":"themes/next/languages/zh-TW.yml","hash":"3f681da3f46fa66c54e0b9c1c75db601cd0369d7","modified":1600234243902},{"_id":"themes/next/languages/zh-HK.yml","hash":"5ec324f0c41acee95f0ffd54605cde7cc82a20de","modified":1600234243902},{"_id":"themes/next/docs/AGPL3.md","hash":"f463f95b169d64983f59fa6f3e4b6760290a0e6b","modified":1600234243889},{"_id":"themes/next/docs/AUTHORS.md","hash":"579014d47f45b27fd1618b9709f0efe9585c7449","modified":1600234243889},{"_id":"themes/next/docs/LICENSE.txt","hash":"71bcc7017bd259ac52f171b23530ab35ce810f6c","modified":1600234243890},{"_id":"themes/next/layout/_layout.njk","hash":"04dff323c78a798eac860aec86a4c3fb929385cf","modified":1600234243903},{"_id":"themes/next/layout/archive.njk","hash":"c14909bd675974e2e013fe688b2799b03c435ed4","modified":1600234243944},{"_id":"themes/next/layout/category.njk","hash":"ba5787924897b38e1e43db8bb4486010cf56631a","modified":1600234243945},{"_id":"themes/next/layout/index.njk","hash":"a5e09e4406286ce7cb82f792f627218f9a3258b5","modified":1600234243946},{"_id":"themes/next/layout/page.njk","hash":"0bdaf1ed4aab19fa7c01a5145272bdc42ce9cd24","modified":1600234243946},{"_id":"themes/next/layout/post.njk","hash":"707a50e50b90df5fbeaf8407d12895d04163a290","modified":1600234243947},{"_id":"themes/next/layout/tag.njk","hash":"fb3bfb2a75e91ac8cd72baf9e43264fffd1e0e24","modified":1600234243947},{"_id":"themes/next/scripts/renderer.js","hash":"478275ebf0a8867b473b172dda812ea3d18a3518","modified":1600234243964},{"_id":"themes/next/test/index.js","hash":"983a505399796b9d9e174ba46d89abbdde38f8ee","modified":1600234244045},{"_id":"themes/next/.github/ISSUE_TEMPLATE/bug-report.md","hash":"a56d75bb5aea8bdd1642f84372e011e21ca21ad9","modified":1600234243875},{"_id":"themes/next/.github/ISSUE_TEMPLATE/feature-request.md","hash":"f3fd4fa1e51c661dbaea954b7e59d228b2208159","modified":1600234243876},{"_id":"themes/next/.github/ISSUE_TEMPLATE/other.md","hash":"3d0eb79d1430dd785aecad40b08ed199130cd463","modified":1600234243876},{"_id":"themes/next/.github/ISSUE_TEMPLATE/question.md","hash":"ce3f611dbd35306ef15332da0356a0943cd6fd24","modified":1600234243877},{"_id":"themes/next/.github/workflows/label-commenter.yml","hash":"1b5c6f126e4e1a1f02d41072ad68b120a455f3ca","modified":1600234243881},{"_id":"themes/next/.github/workflows/labeler.yml","hash":"2075870fee7226e9ae587b9a03f12f153897ee5d","modified":1600234243882},{"_id":"themes/next/.github/workflows/linter.yml","hash":"c14c2cee4ac921f9f1dbdda47e013baa657688c8","modified":1600234243882},{"_id":"themes/next/.github/workflows/lock.yml","hash":"8198c68a613d1a1e2a09f2cbecd0a53697b61962","modified":1600234243883},{"_id":"themes/next/.github/workflows/release-drafter.yml","hash":"359b74890a47d784e35a5cc3c7885d5cdf302e82","modified":1600234243883},{"_id":"themes/next/docs/ru/README.md","hash":"ebd5f816a18eda8e5a421690e674912ae974554d","modified":1600234243890},{"_id":"themes/next/docs/zh-CN/CODE_OF_CONDUCT.md","hash":"582f5f6b839a21e7498ca523c8c83178a0fda51b","modified":1600234243891},{"_id":"themes/next/docs/zh-CN/CONTRIBUTING.md","hash":"c1ba78b246349f79adcf06a940961bba8a8350cb","modified":1600234243891},{"_id":"themes/next/.github/workflows/tester.yml","hash":"1f4f24bad91b1cb483c78c80e69ff467173b8aec","modified":1600234243884},{"_id":"themes/next/docs/zh-CN/README.md","hash":"c5ffe8a17883a07b1055c09c7cb937591670cb07","modified":1600234243892},{"_id":"themes/next/layout/_macro/post-collapse.njk","hash":"d9d8e6d7a6a8c80009dd5334cc17fd3e4977a008","modified":1600234243904},{"_id":"themes/next/layout/_macro/post.njk","hash":"319228e3003958739bd1b8c0c32b7ac88beafd79","modified":1600234243904},{"_id":"themes/next/layout/_macro/sidebar.njk","hash":"b3eb3b67859ddf15c7d2e23be373678249ad5c1e","modified":1600234243905},{"_id":"themes/next/layout/_partials/comments.njk","hash":"5e6d77ed00be8a0533fe2d7f7fc1daf79e961578","modified":1600234243906},{"_id":"themes/next/layout/_partials/footer.njk","hash":"df376bd07b1a8d31c3c1c0cf9ee01126e9479449","modified":1600234243906},{"_id":"themes/next/layout/_partials/languages.njk","hash":"c3ea82604a5853fb44c5f4e4663cbe912aa5dcf8","modified":1600234243911},{"_id":"themes/next/layout/_partials/pagination.njk","hash":"2de77d533c91532a8a4052000244d0c1693370df","modified":1600234243914},{"_id":"themes/next/layout/_partials/widgets.njk","hash":"aceb0e3646501036b52a426e4f0c0bd474d5717c","modified":1600234243922},{"_id":"themes/next/layout/_scripts/index.njk","hash":"84801a0e858618eab1d352c76a89534766fcdbf7","modified":1600234243923},{"_id":"themes/next/layout/_scripts/noscript.njk","hash":"8da7b29b265669465fa77896384207d60e0f6e02","modified":1600234243923},{"_id":"themes/next/layout/_scripts/pjax.njk","hash":"0ab99e210c6c3446e7bcebdc2422f8acde035428","modified":1600234243924},{"_id":"themes/next/layout/_scripts/vendors.njk","hash":"6914d0bbba2bdc1fedbb30a8a17f539d75e2a047","modified":1600234243925},{"_id":"themes/next/layout/_third-party/baidu-push.njk","hash":"bd9ba0bf60cc3008ee14339fa395ee6af188e879","modified":1600234243928},{"_id":"themes/next/layout/_third-party/index.njk","hash":"9f485862a4faa11366e47e4be464deafd167d504","modified":1600234243934},{"_id":"themes/next/layout/_third-party/nprogress.njk","hash":"7ab092776259e511cac24535f671873afc1c0b0c","modified":1600234243936},{"_id":"themes/next/layout/_third-party/quicklink.njk","hash":"28060f7bd99cc5d61521ecb6894ce5d63244c2a5","modified":1600234243937},{"_id":"themes/next/layout/_third-party/rating.njk","hash":"269102fc5e46bd1ce75abdcce161f0570ae70e2f","modified":1600234243938},{"_id":"themes/next/scripts/events/index.js","hash":"fb3feea03bacd679bccc1ec0a1ddeede5d2703df","modified":1600234243950},{"_id":"themes/next/scripts/filters/default-injects.js","hash":"0c9a1fe9906672724dbf274154a37bac1915ca2c","modified":1600234243959},{"_id":"themes/next/scripts/filters/locals.js","hash":"e84d39780608dd72ea82b59e3fa893c6a7f10f4e","modified":1600234243959},{"_id":"themes/next/scripts/filters/minify.js","hash":"0626a00515b424c0f2f4bc2ed4d4564121adde98","modified":1600234243960},{"_id":"themes/next/scripts/filters/post.js","hash":"11f64f95837d0d44245768e0b72dc97b7e56d01f","modified":1600234243960},{"_id":"themes/next/scripts/helpers/engine.js","hash":"3198d59ec9b59a6fb8bf3f6eb8a983d17f119124","modified":1600234243961},{"_id":"themes/next/scripts/helpers/font.js","hash":"45490ac0527ca4e613d8dd950e24501744e24942","modified":1600234243962},{"_id":"themes/next/scripts/helpers/next-url.js","hash":"ce3ea97dc80a9813f50a8db707063656c552ce89","modified":1600234243963},{"_id":"themes/next/scripts/helpers/next-config.js","hash":"31841645c5fb18aa6f072dcdec78f950885ab5aa","modified":1600234243962},{"_id":"themes/next/scripts/helpers/next-vendors.js","hash":"52acbc74c1ead8a77cd3bbcba4e033053683f7d0","modified":1600234243963},{"_id":"themes/next/scripts/tags/button.js","hash":"86c71c73a63744efbbbb367612871fede0d69529","modified":1600234243965},{"_id":"themes/next/scripts/tags/caniuse.js","hash":"8e912c715702addaf0cefe63e580e45b97ae8c3f","modified":1600234243965},{"_id":"themes/next/scripts/tags/center-quote.js","hash":"b4d12e6fe29089be0f43bafc9eea736602cd16bf","modified":1600234243966},{"_id":"themes/next/scripts/tags/group-pictures.js","hash":"a7fcf6e89fe195893ad9a924421d459b06d74b91","modified":1600234243966},{"_id":"themes/next/scripts/tags/index.js","hash":"255dd1090e8319b557eeca43571f0e4f8aab013b","modified":1600234243967},{"_id":"themes/next/scripts/tags/label.js","hash":"c18b0e619a779ed40be7f014db92af18f45fbd5c","modified":1600234243968},{"_id":"themes/next/scripts/tags/mermaid.js","hash":"96b5703f5b5042f703865723c6bdb2ec17dbd373","modified":1600234243969},{"_id":"themes/next/scripts/tags/link-grid.js","hash":"2ad94d9d9ea349f87ad53870abb032a8a4fab2fb","modified":1600234243968},{"_id":"themes/next/scripts/tags/note.js","hash":"b8669e3afc97188df46ca31997b6b205b79b6943","modified":1600234243970},{"_id":"themes/next/scripts/tags/pdf.js","hash":"7cfc7a582f44594be3a194917bc4e95b05f9dd4e","modified":1600234243971},{"_id":"themes/next/scripts/tags/tabs.js","hash":"a79d3503c1715329ffdc402cd8bcd1579ed1f191","modified":1600234243971},{"_id":"themes/next/scripts/tags/video.js","hash":"2b075ad9eff9456c3b875ca60339b41e6714a3f3","modified":1600234243972},{"_id":"themes/next/source/css/_colors.styl","hash":"f3368760774a02969bca9f99a97b5650be7daa88","modified":1600234243973},{"_id":"themes/next/source/css/_mixins.styl","hash":"e33c761d0a1db1cae304b70b153748bc479800d5","modified":1600234244014},{"_id":"themes/next/source/css/main.styl","hash":"815ef30987d02f3d76dbe4b5ee3a72135a152678","modified":1600234244029},{"_id":"themes/next/source/images/apple-touch-icon-next.png","hash":"2959dbc97f31c80283e67104fe0854e2369e40aa","modified":1600234244030},{"_id":"themes/next/source/images/avatar.gif","hash":"18c53e15eb0c84b139995f9334ed8522b40aeaf6","modified":1600234244030},{"_id":"themes/next/source/images/cc-by-nc-nd.svg","hash":"bc3588c9b2d7c68830524783120ff6cf957cf668","modified":1600234244031},{"_id":"themes/next/source/images/cc-by-nc.svg","hash":"6f076713fb9bf934aa2c1046bdf2cf2e37bc1eab","modified":1600234244032},{"_id":"themes/next/source/images/cc-by-nd.svg","hash":"42cd73da328077ccc92f859bb8f3cf621b3484f8","modified":1600234244033},{"_id":"themes/next/source/images/cc-by-nc-sa.svg","hash":"6f55543d1fb9cbc436c101d24f802dec7b41efc3","modified":1600234244032},{"_id":"themes/next/source/images/cc-by-sa.svg","hash":"70c1535f43e54e5ff35ca81419e77e4c0c301398","modified":1600234244034},{"_id":"themes/next/source/images/cc-by.svg","hash":"e92a33c32d1dac8ed94849b2b4e6456e887efe70","modified":1600234244034},{"_id":"themes/next/source/images/cc-zero.svg","hash":"9bfb52b2f63527a7049247bf00d44e6dc1170e7d","modified":1600234244035},{"_id":"themes/next/source/images/favicon-16x16-next.png","hash":"943a0d67a9cdf8c198109b28f9dbd42f761d11c3","modified":1600234244035},{"_id":"themes/next/source/images/favicon-32x32-next.png","hash":"0749d7b24b0d2fae1c8eb7f671ad4646ee1894b1","modified":1600234244036},{"_id":"themes/next/source/images/logo.svg","hash":"169f56fd82941591dad3abd734a50ec7259be950","modified":1600234244037},{"_id":"themes/next/source/images/logo-algolia-nebula-blue-full.svg","hash":"b85e274207b1392782476a0430feac98db1e7da0","modified":1600234244036},{"_id":"themes/next/source/js/algolia-search.js","hash":"90cede179f8d58cc40b8c37883b0c02d85e0d770","modified":1600234244037},{"_id":"themes/next/source/js/bookmark.js","hash":"e808854cb650f5cd8b4ed97f41df122328b5bf08","modified":1600234244038},{"_id":"themes/next/source/js/local-search.js","hash":"8bca0e5617b2f3029b8e1b442eb709fa81e9a287","modified":1600234244039},{"_id":"themes/next/source/js/next-boot.js","hash":"75290feabb6ef0fd262da8800dfdb4f4da44476d","modified":1600234244040},{"_id":"themes/next/source/js/motion.js","hash":"20b979ebe3671cb415e6e7171485d65cc347086e","modified":1600234244039},{"_id":"themes/next/source/js/schedule.js","hash":"57645470647bdd1c6bb1c339404e40f4231a5595","modified":1600234244041},{"_id":"themes/next/source/js/utils.js","hash":"d3b8d810d6367327f1886af5426892009fdd3fca","modified":1600234244042},{"_id":"themes/next/test/helpers/next-url.js","hash":"2dd87fe2acb9554ec5cf0ff6b818207c3a48efdb","modified":1600234244044},{"_id":"themes/next/test/helpers/font.js","hash":"7e44ac17d0f8efce19c38bfff332439cf8a2eb30","modified":1600234244043},{"_id":"themes/next/test/helpers/index.js","hash":"2fb58dca3df2fe53116ee2b1232fa26ebe7b2ce5","modified":1600234244044},{"_id":"themes/next/test/tags/button.js","hash":"a50ca44eaec3d91c2958e3157d624cd3e68828c7","modified":1600234244045},{"_id":"themes/next/test/tags/caniuse.js","hash":"2852be850d9103c25114253a45e6c62e32517de4","modified":1600234244046},{"_id":"themes/next/test/tags/index.js","hash":"5cad001936a694bf32d59751cc2b68a66199f976","modified":1600234244047},{"_id":"themes/next/test/tags/group-pictures.js","hash":"498e9563f2d03e51726a305523d9a0cc4c55d8e2","modified":1600234244047},{"_id":"themes/next/test/tags/label.js","hash":"6cad7d84c42511459a89cda3971e8ea5cdee0125","modified":1600234244048},{"_id":"themes/next/test/tags/center-quote.js","hash":"2ac4b5a358681691a17e736de06fce0b640a7023","modified":1600234244046},{"_id":"themes/next/test/tags/mermaid.js","hash":"e4384f6a53d2af20968213bd027ad93c961d08c4","modified":1600234244049},{"_id":"themes/next/test/tags/link-grid.js","hash":"05c368349a5ebb385a0e6382ad19cab5e3d6528b","modified":1600234244048},{"_id":"themes/next/test/tags/note.js","hash":"d1d918fa0c52efe3b4763927460310e752f5b8e0","modified":1600234244049},{"_id":"themes/next/test/tags/pdf.js","hash":"161285ef5750de45c8ae5a3e01ad5c5abab5c6d9","modified":1600234244050},{"_id":"themes/next/test/tags/tabs.js","hash":"b19d2592347eae5d6a7a97ca7e8cec03e8f25b51","modified":1600234244050},{"_id":"themes/next/test/tags/video.js","hash":"246f9f212259f4eaa3f510c78f40a622bd67ec98","modified":1600234244051},{"_id":"themes/next/test/validate/index.js","hash":"e02ff921a05dfd6e5bae7558ca14705db9f57846","modified":1600234244051},{"_id":"themes/next/layout/_partials/head/head-unique.njk","hash":"424c285832681150191336c5771512813e808dfc","modified":1600234243907},{"_id":"themes/next/layout/_partials/head/head.njk","hash":"681c4a545140468b89f75566aff966dcc90563c2","modified":1600234243907},{"_id":"themes/next/layout/_partials/header/brand.njk","hash":"111f2a1fcbc52738ba0dc86b0e6e20169db6ad42","modified":1600234243908},{"_id":"themes/next/layout/_partials/header/index.njk","hash":"2f550b53372ec150c2538f216399995b8c003a21","modified":1600234243909},{"_id":"themes/next/layout/_partials/header/menu.njk","hash":"cb841a7a5db322dacd18c23074be300460aa6353","modified":1600234243910},{"_id":"themes/next/layout/_partials/header/menu-item.njk","hash":"4baa86ca631168fc6388d27f4b1b501b40c877a8","modified":1600234243909},{"_id":"themes/next/layout/_partials/header/sub-menu.njk","hash":"940cad08a67e6c361214045096bd3cdffdf44fcf","modified":1600234243910},{"_id":"themes/next/layout/_partials/page/breadcrumb.njk","hash":"622f2e5f2496ede4408b9d8e4bcd333e7fdeb58e","modified":1600234243912},{"_id":"themes/next/layout/_partials/page/categories.njk","hash":"b352346dd2cb42f7eeaec5e39d9a2a353b029775","modified":1600234243912},{"_id":"themes/next/layout/_partials/page/page-header.njk","hash":"61e8a5987ba86b30cf003fc34e8691f5669e98c0","modified":1600234243913},{"_id":"themes/next/layout/_partials/page/schedule.njk","hash":"681c3f9f12ac4b6c807f8511d6bec6beab51733a","modified":1600234243913},{"_id":"themes/next/layout/_partials/page/tags.njk","hash":"752df7d12360a077c51a25609916a3ecc1763bb3","modified":1600234243914},{"_id":"themes/next/layout/_partials/post/post-copyright.njk","hash":"0ebc0142abebbeef4278e32abb543c7d7fa75d88","modified":1600234243915},{"_id":"themes/next/layout/_partials/post/post-followme.njk","hash":"e7597b147a9bd82ed5c15fd5aec18a9cc0551179","modified":1600234243916},{"_id":"themes/next/layout/_partials/post/post-footer.njk","hash":"ce712c110b5ce8aacba7a86b0558ff89700675c9","modified":1600234243917},{"_id":"themes/next/layout/_partials/post/post-meta.njk","hash":"119a0d6c83fe1fba2e814beaeba61fe559bbc614","modified":1600234243917},{"_id":"themes/next/layout/_partials/post/post-related.njk","hash":"bc7b047a6246df07767373644b1637d91c3a88b1","modified":1600234243918},{"_id":"themes/next/layout/_partials/post/post-reward.njk","hash":"6c80003141c9fe5f7621ba9eff12d15e1361db67","modified":1600234243919},{"_id":"themes/next/layout/_partials/search/algolia-search.njk","hash":"e955761f43b7ae6be84b0a264f77e4de7f0bca9b","modified":1600234243919},{"_id":"themes/next/layout/_partials/search/index.njk","hash":"5a4b1cd1ffd5fd042c3d0db4a7374371eedac553","modified":1600234243920},{"_id":"themes/next/layout/_partials/search/localsearch.njk","hash":"d2e7e79dedc7f2efc13591b2f59ee50694b7615e","modified":1600234243921},{"_id":"themes/next/layout/_partials/sidebar/site-overview.njk","hash":"88576252a95eb46390c8546f6746fca8b47d8ef1","modified":1600234243921},{"_id":"themes/next/layout/_third-party/analytics/baidu-analytics.njk","hash":"84adaadd83ce447fa9da2cff19006334c9fcbff9","modified":1600234243926},{"_id":"themes/next/layout/_third-party/analytics/google-analytics.njk","hash":"f7c4c6744bc304b7bb9a1621f8cdab541c56161a","modified":1600234243926},{"_id":"themes/next/layout/_third-party/analytics/growingio.njk","hash":"91c2cb900c76224c5814eeb842d1d5f517f9bf05","modified":1600234243927},{"_id":"themes/next/layout/_third-party/analytics/index.njk","hash":"693bd3f472d4080ba5a46b8671e5c04e2d88a6f7","modified":1600234243928},{"_id":"themes/next/layout/_third-party/chat/chatra.njk","hash":"2642e8aef5afbe23a2a76efdc955dab2ee04ed48","modified":1600234243929},{"_id":"themes/next/layout/_third-party/chat/tidio.njk","hash":"fb94ee487d75e484e59b7fba96e989f699ff8a83","modified":1600234243930},{"_id":"themes/next/layout/_third-party/comments/changyan.njk","hash":"df02e478cebee56dcae1ce6db9513e859e591227","modified":1600234243931},{"_id":"themes/next/layout/_third-party/comments/disqus.njk","hash":"71c728a386b8423b0926baea2de844943b5d77d8","modified":1600234243931},{"_id":"themes/next/layout/_third-party/comments/gitalk.njk","hash":"7a542a566a6d7da4ff0a16c2aaff8e144879a438","modified":1600234243932},{"_id":"themes/next/layout/_third-party/comments/disqusjs.njk","hash":"bd483e33585e511b4f2729a363813da395e49cad","modified":1600234243932},{"_id":"themes/next/layout/_third-party/comments/livere.njk","hash":"897082f16c022f26803ff32235aacfe25225a95f","modified":1600234243933},{"_id":"themes/next/layout/_third-party/comments/valine.njk","hash":"adcb06802e4fe834b51e10a60ea2b843e66d2f95","modified":1600234243933},{"_id":"themes/next/layout/_third-party/math/index.njk","hash":"53db57c67b3350c76a565058eb727d5f163caf2e","modified":1600234243935},{"_id":"themes/next/layout/_third-party/math/katex.njk","hash":"6eb39df7c30a17f1800897701cfc25403745fe49","modified":1600234243935},{"_id":"themes/next/layout/_third-party/search/localsearch.njk","hash":"58296a5c1883f26464c2a5ccf734c19f5fbf395a","modified":1600234243939},{"_id":"themes/next/layout/_third-party/math/mathjax.njk","hash":"456d5b866d116bb4325536e604131e0c595a793e","modified":1600234243936},{"_id":"themes/next/layout/_third-party/search/algolia-search.njk","hash":"f84eaab792ce5a929d781483597782eddb4d1495","modified":1600234243938},{"_id":"themes/next/layout/_third-party/search/swiftype.njk","hash":"aa6ab95b8b76611694613defb4bf25003d1b927f","modified":1600234243939},{"_id":"themes/next/layout/_third-party/statistics/busuanzi-counter.njk","hash":"d97790e4b442a1e3ded7d7b4f84b8ee6cdb6e8ea","modified":1600234243940},{"_id":"themes/next/layout/_third-party/statistics/firestore.njk","hash":"c4e7c0e15412707ca104b40fa463b9d407a7114e","modified":1600234243941},{"_id":"themes/next/layout/_third-party/statistics/cnzz-analytics.njk","hash":"53a0760c75d5aaabb3ce8e8aa8e003510d59807f","modified":1600234243941},{"_id":"themes/next/layout/_third-party/statistics/lean-analytics.njk","hash":"f1bce775e4408aac5dd4efc8942acf2928645282","modified":1600234243942},{"_id":"themes/next/layout/_third-party/statistics/index.njk","hash":"21e8a183c516ccfc05651da64a55331416792d57","modified":1600234243942},{"_id":"themes/next/layout/_third-party/tags/mermaid.njk","hash":"34c5591b509756660bf2088c6f48ac397a10a4d3","modified":1600234243943},{"_id":"themes/next/layout/_third-party/tags/pdf.njk","hash":"226e9d63bb34aca7e266c3ee9ceda9b8a0944a2f","modified":1600234243944},{"_id":"themes/next/scripts/events/lib/config.js","hash":"f6e61b13c10b4237cfd129a9317fdbba39ed2c31","modified":1600234243951},{"_id":"themes/next/scripts/events/lib/highlight.js","hash":"00cec6980cafd417def885f496371856cd524a25","modified":1600234243951},{"_id":"themes/next/scripts/events/lib/utils.js","hash":"e3543af65817b31ed8c78289487bff0c0aae5af0","modified":1600234243953},{"_id":"themes/next/scripts/events/lib/injects.js","hash":"a150d57c6373a7cac7a18606d127173ee3d71884","modified":1600234243952},{"_id":"themes/next/scripts/events/lib/vendors.js","hash":"87b3a02899f41aafbb59dfa9525daf384c054ccd","modified":1600234243953},{"_id":"themes/next/scripts/filters/comment/changyan.js","hash":"981500bc00a7dde362cce008fa0da306e7056cc4","modified":1600234243954},{"_id":"themes/next/scripts/filters/comment/common.js","hash":"713056d33dbcd8e9748205c5680b456c21174f4e","modified":1600234243955},{"_id":"themes/next/scripts/filters/comment/default-config.js","hash":"1cb58aa6b88f7461c3c3f9605273686adcc30979","modified":1600234243955},{"_id":"themes/next/scripts/filters/comment/disqus.js","hash":"e751658e87179062e9309fad0821af479d071ee3","modified":1600234243956},{"_id":"themes/next/scripts/filters/comment/disqusjs.js","hash":"e0b77118de4d262a388ed919eb0b57fbbdbba380","modified":1600234243956},{"_id":"themes/next/scripts/filters/comment/gitalk.js","hash":"6f5135856163282c093fe54aa56fcbb5f920eb4d","modified":1600234243957},{"_id":"themes/next/scripts/filters/comment/livere.js","hash":"1d9cb9dec0ec4e26d9ef3ae36e11b38e9cec7383","modified":1600234243958},{"_id":"themes/next/scripts/filters/comment/valine.js","hash":"04ed7511d3566beb74dd17617b3576e5f761e527","modified":1600234243958},{"_id":"themes/next/source/css/_variables/Mist.styl","hash":"1111372dde8ce520b1b5bcbd754c58640b3adb2a","modified":1600234244027},{"_id":"themes/next/source/css/_variables/Muse.styl","hash":"d3a8f6e71c86926d0c2a247a31d7446d829736d5","modified":1600234244028},{"_id":"themes/next/source/css/_variables/Gemini.styl","hash":"583ff1e7a2ca889f1f54eb0ca793894466823c7c","modified":1600234244027},{"_id":"themes/next/source/css/_variables/base.styl","hash":"e080014120856b419b31598873a9793ecb894e03","modified":1600234244029},{"_id":"themes/next/source/css/_variables/Pisces.styl","hash":"58014a2d087c4126058a99b5b1cb7d8a2eb6224d","modified":1600234244028},{"_id":"themes/next/source/js/schemes/muse.js","hash":"7bcb48dcb4145cf16d4b7720cd8e140b4b4e0d72","modified":1600234244042},{"_id":"themes/next/source/css/_common/components/back-to-top-sidebar.styl","hash":"ad044edaf6d3d9402559129841061e3eaea173cb","modified":1600234243974},{"_id":"themes/next/source/css/_common/components/back-to-top.styl","hash":"5dfdbb8616277ded731126038ba77c2e29f1b419","modified":1600234243975},{"_id":"themes/next/source/css/_common/components/components.styl","hash":"151e5821defb9d43339b33ef2815782f7bf2230d","modified":1600234243976},{"_id":"themes/next/source/css/_common/components/reading-progress.styl","hash":"166300c5bcab8dec0fc37c5a8a9193569281bb76","modified":1600234243986},{"_id":"themes/next/source/css/_common/outline/mobile.styl","hash":"af6d62502b452b9a30a75318eaf87b8a535b2504","modified":1600234243995},{"_id":"themes/next/source/css/_common/outline/outline.styl","hash":"b39a58d63606be5076bbbb2d9e20300a5dcfcde2","modified":1600234243995},{"_id":"themes/next/source/css/_common/scaffolding/base.styl","hash":"fbf20cea2fc1b4507b11254845a095b9ed67dd4b","modified":1600234244002},{"_id":"themes/next/source/css/_common/scaffolding/buttons.styl","hash":"f768ecb2fe3e9384777c1c115cd7409e9155edd7","modified":1600234244003},{"_id":"themes/next/source/css/_common/scaffolding/comments.styl","hash":"cf8446f4378dcab27b55ede1635c608ae6b8a5c8","modified":1600234244003},{"_id":"themes/next/source/css/_common/scaffolding/pagination.styl","hash":"a41ba94b7db24bd6f6f552ed107c6c3da37b88f2","modified":1600234244006},{"_id":"themes/next/source/css/_common/scaffolding/normalize.styl","hash":"6d740699fb6a7640647a8fd77c4ea4992d8d6437","modified":1600234244006},{"_id":"themes/next/source/css/_common/scaffolding/scaffolding.styl","hash":"43045d115f8fe95732c446aa45bf1c97609ff2a5","modified":1600234244007},{"_id":"themes/next/source/css/_common/scaffolding/tables.styl","hash":"6fd6e7d1f862238683a1591ade7aeb2b79a7599f","modified":1600234244008},{"_id":"themes/next/source/css/_common/scaffolding/toggles.styl","hash":"90f7d3baab061e860172b536c9edc38c7fd2ef5c","modified":1600234244014},{"_id":"themes/next/source/css/_schemes/Mist/_header.styl","hash":"b0c959561487976131edf28b1a487f5b283b09f5","modified":1600234244016},{"_id":"themes/next/source/css/_schemes/Mist/_layout.styl","hash":"00366a6bd1a66f99f845c5ebfc9e8cf56651b815","modified":1600234244017},{"_id":"themes/next/source/css/_schemes/Mist/_menu.styl","hash":"d369ec6137f37169b7232d1c7f89d2d717f9bedd","modified":1600234244018},{"_id":"themes/next/source/css/_schemes/Mist/_posts-expand.styl","hash":"459c3902e62444b4d9fa0c0aa7f1464d2ff6341d","modified":1600234244019},{"_id":"themes/next/source/css/_schemes/Mist/index.styl","hash":"89bf3f6b82cb0fafbbd483431df8f450857c5a0b","modified":1600234244019},{"_id":"themes/next/source/css/_schemes/Gemini/index.styl","hash":"8061acb955cc8b7e2a8dd2544f65b218561d9feb","modified":1600234244015},{"_id":"themes/next/source/css/_schemes/Pisces/_header.styl","hash":"6f87f78f90bac7e5275948cb21632ba99d3e5928","modified":1600234244023},{"_id":"themes/next/source/css/_schemes/Pisces/_layout.styl","hash":"9f60d501808f67d151af437221d0dfacc27c180c","modified":1600234244024},{"_id":"themes/next/source/css/_schemes/Pisces/_menu.styl","hash":"7074a552c1b471e66be1c48ae20173302fffc3c9","modified":1600234244024},{"_id":"themes/next/source/css/_schemes/Pisces/_sidebar.styl","hash":"60341a38c56de1b59be6d1fbd0f3c8090edc2281","modified":1600234244025},{"_id":"themes/next/source/css/_schemes/Pisces/_sub-menu.styl","hash":"2814b52131cdca0e613344962de5735b5934f9ee","modified":1600234244025},{"_id":"themes/next/source/css/_schemes/Pisces/index.styl","hash":"7905f428b46d100ac5928875cb1e2b99fa86fc0b","modified":1600234244026},{"_id":"themes/next/source/css/_schemes/Muse/_header.styl","hash":"fd89988442f380cba907752fe3f608e3498f8c93","modified":1600234244020},{"_id":"themes/next/source/css/_schemes/Muse/_menu.styl","hash":"07fb7aba11843d43835e4de078492c848a508283","modified":1600234244021},{"_id":"themes/next/source/css/_schemes/Muse/_layout.styl","hash":"018b6a761e197086174c9f06b4d5ea21cc230951","modified":1600234244020},{"_id":"themes/next/source/css/_schemes/Muse/_sidebar.styl","hash":"1969aa07e989abc3d88d730ab3cc89a6a61cc181","modified":1600234244021},{"_id":"themes/next/source/css/_schemes/Muse/_sub-menu.styl","hash":"2d3e05015796a790abd9d68957a5c698c0c9f9b6","modified":1600234244022},{"_id":"themes/next/source/css/_schemes/Muse/index.styl","hash":"25c2a7930da14f023329df20f38df2728057fb4d","modified":1600234244022},{"_id":"themes/next/source/css/_common/components/post/post-collapse.styl","hash":"10b804d010c7102526473b6f7728d7d38ef0a85d","modified":1600234243980},{"_id":"themes/next/source/css/_common/components/post/post-body.styl","hash":"d8bbe8571b9032b544d84430420a29247235fad8","modified":1600234243979},{"_id":"themes/next/source/css/_common/components/post/post-followme.styl","hash":"b49e233cddd82804f58ebd772fcd3fc8bad24f3b","modified":1600234243981},{"_id":"themes/next/source/css/_common/components/post/post-footer.styl","hash":"784bfcff73afc0e184d7865ef40a4b4c6ec49c63","modified":1600234243981},{"_id":"themes/next/source/css/_common/components/post/post-gallery.styl","hash":"c34936a17c3d8af6c0988ac6746d7509dc0b50eb","modified":1600234243982},{"_id":"themes/next/source/css/_common/components/post/post-header.styl","hash":"b4c02a1555e8cba3d22d94e2ab7f6b6582eb4b47","modified":1600234243983},{"_id":"themes/next/source/css/_common/components/post/post-nav.styl","hash":"f5302b3a6ef8caf4c76c3bd4fe465231ce6dda10","modified":1600234243983},{"_id":"themes/next/source/css/_common/components/post/post-reward.styl","hash":"3f0375a2b6ea5eb596947f393bbab1387e25db66","modified":1600234243984},{"_id":"themes/next/source/css/_common/components/post/post-widgets.styl","hash":"b266d2ce5e2b117be01537889e839a69004dc0bb","modified":1600234243984},{"_id":"themes/next/source/css/_common/components/post/post.styl","hash":"942943c7d5ea06b99d4e084aeb0ec2476f8586b6","modified":1600234243985},{"_id":"themes/next/source/css/_common/components/pages/breadcrumb.styl","hash":"fde10ce94e9ae21a03b60d41d532835b54abdcb1","modified":1600234243976},{"_id":"themes/next/source/css/_common/components/pages/categories.styl","hash":"80595d274f593b321c0b644a06f3165fe07b16f5","modified":1600234243977},{"_id":"themes/next/source/css/_common/components/pages/schedule.styl","hash":"d9409fee88f44901896d636761ea89226285eb20","modified":1600234243978},{"_id":"themes/next/source/css/_common/components/pages/pages.styl","hash":"6cf78a379bb656cc0abb4ab80fcae60152ce41ad","modified":1600234243977},{"_id":"themes/next/source/css/_common/components/pages/tag-cloud.styl","hash":"56d719bcdcba3d725141c55bbd4b168f3942f912","modified":1600234243979},{"_id":"themes/next/source/css/_common/components/third-party/gitalk.styl","hash":"b87f4a06c0db893df4f756f24be182e1a4751f24","modified":1600234243986},{"_id":"themes/next/source/css/_common/components/third-party/math.styl","hash":"88f1b0e9034f6ef0a78ab61c7cbc02f4d65a4d83","modified":1600234243987},{"_id":"themes/next/source/css/_common/components/third-party/third-party.styl","hash":"93dd1ea94fc4f2b2337b5ae5f0a8f7772b45b93e","modified":1600234243989},{"_id":"themes/next/source/css/_common/components/third-party/related-posts.styl","hash":"fe0f1edf277b0cd23a8a4635cb0f476d165c17b7","modified":1600234243988},{"_id":"themes/next/source/css/_common/components/third-party/search.styl","hash":"f6bd6c941f76394b43bfa883613729940587213c","modified":1600234243988},{"_id":"themes/next/source/css/_common/outline/footer/footer.styl","hash":"4f5edfecdd28dec515c1cc9e3b971da69386bb65","modified":1600234243990},{"_id":"themes/next/source/css/_common/outline/header/bookmark.styl","hash":"e56c5f475ed450becba48b19f2531e074538f2ec","modified":1600234243991},{"_id":"themes/next/source/css/_common/outline/header/github-banner.styl","hash":"d5039344c977b41365310b52c924deabe5f4af4f","modified":1600234243991},{"_id":"themes/next/source/css/_common/outline/header/menu.styl","hash":"af223db94a0785a2b308e222c5bb538f800a7a2f","modified":1600234243993},{"_id":"themes/next/source/css/_common/outline/header/header.styl","hash":"46567765e0617189e09893ce017db01526bf3d2c","modified":1600234243992},{"_id":"themes/next/source/css/_common/outline/header/site-meta.styl","hash":"3ce09a0677293ba377eee13f9147cf0bed234e16","modified":1600234243994},{"_id":"themes/next/source/css/_common/outline/header/site-nav.styl","hash":"8683311e79e3e5deb8f981e3aa044df4446ccfc2","modified":1600234243994},{"_id":"themes/next/source/css/_common/outline/sidebar/sidebar-author-links.styl","hash":"2ce8d9b01e7ee52de4d2ac6956b5f7280b3ec356","modified":1600234243996},{"_id":"themes/next/source/css/_common/outline/sidebar/sidebar-author.styl","hash":"d8a028f532d562e6a86bb3b9c7b992e4b6dbbb51","modified":1600234243997},{"_id":"themes/next/source/css/_common/outline/sidebar/sidebar-blogroll.styl","hash":"096f908c08ce553e482aadfd3e767a0145191093","modified":1600234243997},{"_id":"themes/next/source/css/_common/outline/sidebar/sidebar-dimmer.styl","hash":"6cb3b8e3d9b2751985ff429fbbadfed75879e7b0","modified":1600234243999},{"_id":"themes/next/source/css/_common/outline/sidebar/sidebar-button.styl","hash":"525242ce9e912c4adfe5134347c67dbdb9e98e3d","modified":1600234243998},{"_id":"themes/next/source/css/_common/outline/sidebar/sidebar-nav.styl","hash":"d42685ed9ac9222435b36ea8b0b14e5005ec9634","modified":1600234243999},{"_id":"themes/next/source/css/_common/outline/sidebar/sidebar-toc.styl","hash":"9e1d2760486c20c430190036b4c74434ca8abded","modified":1600234244000},{"_id":"themes/next/source/css/_common/outline/sidebar/sidebar-toggle.styl","hash":"782b06aad720a6225776a0c72e4a8b04633606ae","modified":1600234244000},{"_id":"themes/next/source/css/_common/outline/sidebar/sidebar.styl","hash":"432a92fe9962c0babaf40f4c68c593459d5dd1b3","modified":1600234244001},{"_id":"themes/next/source/css/_common/outline/sidebar/site-state.styl","hash":"e1a6002f86c0d80364c7e6f8c132961b55be3749","modified":1600234244001},{"_id":"themes/next/source/css/_common/scaffolding/highlight/copy-code.styl","hash":"a4003e1408844568cb5102a5a111046cb19b2d31","modified":1600234244004},{"_id":"themes/next/source/css/_common/scaffolding/highlight/highlight.styl","hash":"172e517fa3bbd7009144bdb5640b8f535de527ad","modified":1600234244005},{"_id":"themes/next/source/css/_common/scaffolding/tags/group-pictures.styl","hash":"8d9218980e185210ce034e9769ab639b9630fd88","modified":1600234244009},{"_id":"themes/next/source/css/_common/scaffolding/tags/blockquote-center.styl","hash":"899fed183460e4648f1ffc5fab16909c70c022b7","modified":1600234244008},{"_id":"themes/next/source/css/_common/scaffolding/tags/link-grid.styl","hash":"2109f6cc249e9b504c9f9df1511e31a9cad0a740","modified":1600234244010},{"_id":"themes/next/source/css/_common/scaffolding/tags/label.styl","hash":"474669399c6b4cca9f7a6c638eee196f4c8d479d","modified":1600234244009},{"_id":"themes/next/source/css/_common/scaffolding/tags/mermaid.styl","hash":"fd5af9b40afc126fea71d569b50b1fcfec8328a8","modified":1600234244011},{"_id":"themes/next/source/css/_common/scaffolding/tags/note.styl","hash":"2ca413420f1ce534f08ada8d23215df0afa21ee7","modified":1600234244011},{"_id":"themes/next/source/css/_common/scaffolding/tags/pdf.styl","hash":"03a5bcecc0b12231462ef6ffe432fa77ee71beff","modified":1600234244012},{"_id":"themes/next/source/css/_common/scaffolding/tags/tabs.styl","hash":"36ef19263872d426a471316905e8f34c6b1087e6","modified":1600234244012},{"_id":"themes/next/source/css/_common/scaffolding/tags/tags.styl","hash":"25c639ea7fccc2982459e07ac9ceb8f1224c307d","modified":1600234244013}],"Category":[],"Data":[],"Page":[],"Post":[{"title":"Hello World","_content":"Welcome to [Hexo](https://hexo.io/)! This is your very first post. Check [documentation](https://hexo.io/docs/) for more info. If you get any problems when using Hexo, you can find the answer in [troubleshooting](https://hexo.io/docs/troubleshooting.html) or you can ask me on [GitHub](https://github.com/hexojs/hexo/issues).\n\n## Quick Start\n\n### Create a new post\n\n``` bash\n$ hexo new \"My New Post\"\n```\n\nMore info: [Writing](https://hexo.io/docs/writing.html)\n\n### Run server\n\n``` bash\n$ hexo server\n```\n\nMore info: [Server](https://hexo.io/docs/server.html)\n\n### Generate static files\n\n``` bash\n$ hexo generate\n```\n\nMore info: [Generating](https://hexo.io/docs/generating.html)\n\n### Deploy to remote sites\n\n``` bash\n$ hexo deploy\n```\n\nMore info: [Deployment](https://hexo.io/docs/one-command-deployment.html)\n","source":"_posts/hello-world.md","raw":"---\ntitle: Hello World\n---\nWelcome to [Hexo](https://hexo.io/)! This is your very first post. Check [documentation](https://hexo.io/docs/) for more info. If you get any problems when using Hexo, you can find the answer in [troubleshooting](https://hexo.io/docs/troubleshooting.html) or you can ask me on [GitHub](https://github.com/hexojs/hexo/issues).\n\n## Quick Start\n\n### Create a new post\n\n``` bash\n$ hexo new \"My New Post\"\n```\n\nMore info: [Writing](https://hexo.io/docs/writing.html)\n\n### Run server\n\n``` bash\n$ hexo server\n```\n\nMore info: [Server](https://hexo.io/docs/server.html)\n\n### Generate static files\n\n``` bash\n$ hexo generate\n```\n\nMore info: [Generating](https://hexo.io/docs/generating.html)\n\n### Deploy to remote sites\n\n``` bash\n$ hexo deploy\n```\n\nMore info: [Deployment](https://hexo.io/docs/one-command-deployment.html)\n","slug":"hello-world","published":1,"date":"2020-09-16T05:29:54.855Z","updated":"2020-09-16T05:29:54.855Z","comments":1,"layout":"post","photos":[],"link":"","_id":"ckf518xr40000tgij61kh8g6g","content":"<p>Welcome to <span class=\"exturl\" data-url=\"aHR0cHM6Ly9oZXhvLmlvLw==\">Hexo<i class=\"fa fa-external-link-alt\"></i></span>! This is your very first post. Check <span class=\"exturl\" data-url=\"aHR0cHM6Ly9oZXhvLmlvL2RvY3Mv\">documentation<i class=\"fa fa-external-link-alt\"></i></span> for more info. If you get any problems when using Hexo, you can find the answer in <span class=\"exturl\" data-url=\"aHR0cHM6Ly9oZXhvLmlvL2RvY3MvdHJvdWJsZXNob290aW5nLmh0bWw=\">troubleshooting<i class=\"fa fa-external-link-alt\"></i></span> or you can ask me on <span class=\"exturl\" data-url=\"aHR0cHM6Ly9naXRodWIuY29tL2hleG9qcy9oZXhvL2lzc3Vlcw==\">GitHub<i class=\"fa fa-external-link-alt\"></i></span>.</p>\n<h2 id=\"Quick-Start\"><a href=\"#Quick-Start\" class=\"headerlink\" title=\"Quick Start\"></a>Quick Start</h2><h3 id=\"Create-a-new-post\"><a href=\"#Create-a-new-post\" class=\"headerlink\" title=\"Create a new post\"></a>Create a new post</h3><figure class=\"highlight bash\"><table><tr><td class=\"gutter\"><pre><span class=\"line\">1</span><br></pre></td><td class=\"code\"><pre><span class=\"line\">$ hexo new <span class=\"string\">&quot;My New Post&quot;</span></span><br></pre></td></tr></table></figure>\n\n<p>More info: <span class=\"exturl\" data-url=\"aHR0cHM6Ly9oZXhvLmlvL2RvY3Mvd3JpdGluZy5odG1s\">Writing<i class=\"fa fa-external-link-alt\"></i></span></p>\n<h3 id=\"Run-server\"><a href=\"#Run-server\" class=\"headerlink\" title=\"Run server\"></a>Run server</h3><figure class=\"highlight bash\"><table><tr><td class=\"gutter\"><pre><span class=\"line\">1</span><br></pre></td><td class=\"code\"><pre><span class=\"line\">$ hexo server</span><br></pre></td></tr></table></figure>\n\n<p>More info: <span class=\"exturl\" data-url=\"aHR0cHM6Ly9oZXhvLmlvL2RvY3Mvc2VydmVyLmh0bWw=\">Server<i class=\"fa fa-external-link-alt\"></i></span></p>\n<h3 id=\"Generate-static-files\"><a href=\"#Generate-static-files\" class=\"headerlink\" title=\"Generate static files\"></a>Generate static files</h3><figure class=\"highlight bash\"><table><tr><td class=\"gutter\"><pre><span class=\"line\">1</span><br></pre></td><td class=\"code\"><pre><span class=\"line\">$ hexo generate</span><br></pre></td></tr></table></figure>\n\n<p>More info: <span class=\"exturl\" data-url=\"aHR0cHM6Ly9oZXhvLmlvL2RvY3MvZ2VuZXJhdGluZy5odG1s\">Generating<i class=\"fa fa-external-link-alt\"></i></span></p>\n<h3 id=\"Deploy-to-remote-sites\"><a href=\"#Deploy-to-remote-sites\" class=\"headerlink\" title=\"Deploy to remote sites\"></a>Deploy to remote sites</h3><figure class=\"highlight bash\"><table><tr><td class=\"gutter\"><pre><span class=\"line\">1</span><br></pre></td><td class=\"code\"><pre><span class=\"line\">$ hexo deploy</span><br></pre></td></tr></table></figure>\n\n<p>More info: <span class=\"exturl\" data-url=\"aHR0cHM6Ly9oZXhvLmlvL2RvY3Mvb25lLWNvbW1hbmQtZGVwbG95bWVudC5odG1s\">Deployment<i class=\"fa fa-external-link-alt\"></i></span></p>\n","site":{"data":{}},"excerpt":"","more":"<p>Welcome to <a href=\"https://hexo.io/\">Hexo</a>! This is your very first post. Check <a href=\"https://hexo.io/docs/\">documentation</a> for more info. If you get any problems when using Hexo, you can find the answer in <a href=\"https://hexo.io/docs/troubleshooting.html\">troubleshooting</a> or you can ask me on <a href=\"https://github.com/hexojs/hexo/issues\">GitHub</a>.</p>\n<h2 id=\"Quick-Start\"><a href=\"#Quick-Start\" class=\"headerlink\" title=\"Quick Start\"></a>Quick Start</h2><h3 id=\"Create-a-new-post\"><a href=\"#Create-a-new-post\" class=\"headerlink\" title=\"Create a new post\"></a>Create a new post</h3><figure class=\"highlight bash\"><table><tr><td class=\"gutter\"><pre><span class=\"line\">1</span><br></pre></td><td class=\"code\"><pre><span class=\"line\">$ hexo new <span class=\"string\">&quot;My New Post&quot;</span></span><br></pre></td></tr></table></figure>\n\n<p>More info: <a href=\"https://hexo.io/docs/writing.html\">Writing</a></p>\n<h3 id=\"Run-server\"><a href=\"#Run-server\" class=\"headerlink\" title=\"Run server\"></a>Run server</h3><figure class=\"highlight bash\"><table><tr><td class=\"gutter\"><pre><span class=\"line\">1</span><br></pre></td><td class=\"code\"><pre><span class=\"line\">$ hexo server</span><br></pre></td></tr></table></figure>\n\n<p>More info: <a href=\"https://hexo.io/docs/server.html\">Server</a></p>\n<h3 id=\"Generate-static-files\"><a href=\"#Generate-static-files\" class=\"headerlink\" title=\"Generate static files\"></a>Generate static files</h3><figure class=\"highlight bash\"><table><tr><td class=\"gutter\"><pre><span class=\"line\">1</span><br></pre></td><td class=\"code\"><pre><span class=\"line\">$ hexo generate</span><br></pre></td></tr></table></figure>\n\n<p>More info: <a href=\"https://hexo.io/docs/generating.html\">Generating</a></p>\n<h3 id=\"Deploy-to-remote-sites\"><a href=\"#Deploy-to-remote-sites\" class=\"headerlink\" title=\"Deploy to remote sites\"></a>Deploy to remote sites</h3><figure class=\"highlight bash\"><table><tr><td class=\"gutter\"><pre><span class=\"line\">1</span><br></pre></td><td class=\"code\"><pre><span class=\"line\">$ hexo deploy</span><br></pre></td></tr></table></figure>\n\n<p>More info: <a href=\"https://hexo.io/docs/one-command-deployment.html\">Deployment</a></p>\n","popularPost_tmp_postPath":true,"eyeCatchImage":null,"popularPost_tmp_gaData":{"updated":"Wed Sep 16 2020 13:29:54 GMT+0800 (GMT+08:00)","title":"Hello World","path":"2020/09/16/hello-world/","eyeCatchImage":null,"excerpt":null,"date":{"_isAMomentObject":true,"_i":"2020-09-16T05:29:54.855Z","_isUTC":false,"_pf":{"empty":false,"unusedTokens":[],"unusedInput":[],"overflow":-2,"charsLeftOver":0,"nullInput":false,"invalidEra":null,"invalidMonth":null,"invalidFormat":false,"userInvalidated":false,"iso":false,"parsedDateParts":[],"era":null,"meridiem":null,"rfc2822":false,"weekdayMismatch":false},"_locale":{"_calendar":{"sameDay":"[Today at] LT","nextDay":"[Tomorrow at] LT","nextWeek":"dddd [at] LT","lastDay":"[Yesterday at] LT","lastWeek":"[Last] dddd [at] LT","sameElse":"L"},"_longDateFormat":{"LTS":"h:mm:ss A","LT":"h:mm A","L":"MM/DD/YYYY","LL":"MMMM D, YYYY","LLL":"MMMM D, YYYY h:mm A","LLLL":"dddd, MMMM D, YYYY h:mm A"},"_invalidDate":"Invalid date","_dayOfMonthOrdinalParse":{},"_relativeTime":{"future":"in %s","past":"%s ago","s":"a few seconds","ss":"%d seconds","m":"a minute","mm":"%d minutes","h":"an hour","hh":"%d hours","d":"a day","dd":"%d days","w":"a week","ww":"%d weeks","M":"a month","MM":"%d months","y":"a year","yy":"%d years"},"_months":["January","February","March","April","May","June","July","August","September","October","November","December"],"_monthsShort":["Jan","Feb","Mar","Apr","May","Jun","Jul","Aug","Sep","Oct","Nov","Dec"],"_week":{"dow":0,"doy":6},"_weekdays":["Sunday","Monday","Tuesday","Wednesday","Thursday","Friday","Saturday"],"_weekdaysMin":["Su","Mo","Tu","We","Th","Fr","Sa"],"_weekdaysShort":["Sun","Mon","Tue","Wed","Thu","Fri","Sat"],"_meridiemParse":{},"_eras":[{"since":"0001-01-01","until":null,"offset":1,"name":"Anno Domini","narrow":"AD","abbr":"AD"},{"since":"0000-12-31","until":null,"offset":1,"name":"Before Christ","narrow":"BC","abbr":"BC"}],"_abbr":"en","_config":{"calendar":{"sameDay":"[Today at] LT","nextDay":"[Tomorrow at] LT","nextWeek":"dddd [at] LT","lastDay":"[Yesterday at] LT","lastWeek":"[Last] dddd [at] LT","sameElse":"L"},"longDateFormat":{"LTS":"h:mm:ss A","LT":"h:mm A","L":"MM/DD/YYYY","LL":"MMMM D, YYYY","LLL":"MMMM D, YYYY h:mm A","LLLL":"dddd, MMMM D, YYYY h:mm A"},"invalidDate":"Invalid date","dayOfMonthOrdinalParse":{},"relativeTime":{"future":"in %s","past":"%s ago","s":"a few seconds","ss":"%d seconds","m":"a minute","mm":"%d minutes","h":"an hour","hh":"%d hours","d":"a day","dd":"%d days","w":"a week","ww":"%d weeks","M":"a month","MM":"%d months","y":"a year","yy":"%d years"},"months":["January","February","March","April","May","June","July","August","September","October","November","December"],"monthsShort":["Jan","Feb","Mar","Apr","May","Jun","Jul","Aug","Sep","Oct","Nov","Dec"],"week":{"dow":0,"doy":6},"weekdays":["Sunday","Monday","Tuesday","Wednesday","Thursday","Friday","Saturday"],"weekdaysMin":["Su","Mo","Tu","We","Th","Fr","Sa"],"weekdaysShort":["Sun","Mon","Tue","Wed","Thu","Fri","Sat"],"meridiemParse":{},"eras":[{"since":"0001-01-01","until":null,"offset":1,"name":"Anno Domini","narrow":"AD","abbr":"AD"},{"since":"0000-12-31","until":null,"offset":1,"name":"Before Christ","narrow":"BC","abbr":"BC"}],"abbr":"en"},"_dayOfMonthOrdinalParseLenient":{}},"_d":"2020-09-16T05:29:54.855Z","_isValid":true,"_z":null},"pv":0,"totalPV":0,"categories":"","tags":[],"internalLinks":[],"keywords":[],"keywordsLength":0},"length":367}],"PostAsset":[],"PostCategory":[],"PostTag":[],"Tag":[]}}